Episode,Loss
1,160.6841431276046
2,199.4848334197998
3,311.86733975219727
4,476.1523639831543
5,589.5638261108398
