Episode,Loss
1,129.11238618330523
2,107.94240170288086
3,188.64740161132812
