Episode,Loss
1,81.12436622986819
2,93.05881372833252
3,154.70636378479003
4,302.6656469573975
